Part Image,Part Name,Information
https://m.media-amazon.com/images/I/71wh7bQJDQL._AC_SY355_.jpg,DJI RC 2 Remote Controller with Next-Gen Processor 20km O4 Transmission 5.5-inch FHD Screen 2T4R Antennas Smart Controller for Drones Light and Compact,Compatibility: DJI Mini 4 Pro/ DJI Air 3/ DJI Neo
https://m.media-amazon.com/images/I/61RdcpSxvBL._AC_SY355_.jpg,DJI Air 3 Intelligent Flight Battery,Compatibility: DJI Air 3
https://m.media-amazon.com/images/I/617-Vis7OGL._AC_SY355_.jpg,DJI Air 3 Battery Charging Hub,In The Box: Battery Charging Hub × 1
https://m.media-amazon.com/images/I/51DvRNxKfZL._AC_SY355_.jpg,DJI Air 3 ND Filters Set (ND8/16/32/64),In The Box: ND8 Filter × 1 ND16 Filter × 1 ND32 Filter × 1 ND64 Filter × 1
https://m.media-amazon.com/images/I/41uLj8U4qCL._AC_SY355_.jpg,DJI Air 3 Low-Noise Propellers,Compatibility: DJI Air 3
https://m.media-amazon.com/images/I/51TluSuIhuL._AC_SY355_.jpg,DJI Air 3 Gimbal Protector,Compatibility: DJI Air 3
https://m.media-amazon.com/images/I/41G2F9l5KhL._AC_SY355_.jpg,DJI Mavic Air 2 Car Charger,Compatibility-DJI Air 2S Mavic Air 2
https://m.media-amazon.com/images/I/71S-+nqxadL._AC_SY355_.jpg,DJI Mavic Air 2 Battery Charging Hub,Compatibility: Mavic Air 2 Intelligent Flight Battery/ Mavic Air 2 Battery Charger/ Mavic Air 2 Car Charger.
https://m.media-amazon.com/images/I/31uX7Pil-OL._AC_SL1200_.jpg,DJI Mavic Air 2 Intelligent Flight Battery,What You Get: Intelligent Flight Battery x1
https://m.media-amazon.com/images/I/617XtXxQJ2L._AC_SY355_.jpg,DJI Mavic Air 2 Low-Noise Propellers,What You Get: Low-Noise Propellers (Model 7238) for DJI Mavic Air 2 Drone (Pair) × 1.
https://m.media-amazon.com/images/I/5191iX1QkCL._AC_SY355_.jpg,DJI Air 2S Low-Noise Propellers,Item Package Dimension: 8.14L x 3.58W x 0.47H inches
https://m.media-amazon.com/images/I/51Yr669CqsL._AC_SX679_.jpg,BTG Gimbal Protector Camera Lens Cover Protector Compatible with DJI Mavic Air 2 Accessories Parts,Packing list: 1x Camera Cover 【Excluding drone and other accessaries】
https://m.media-amazon.com/images/I/51RgS8r92ML._AC_SY355_.jpg,DJI RC Motion 3 FPV Smart Controller with Immersive Motion Control,Compatibility - Compatible with DJI Neo/ DJI Avata 2/ DJI Mini 4 Pro/ DJI Air 3/ DJI Goggles 3. Please note that DJI RC Motion 3 does not work with DJI Goggles 2 and DJI Goggles Integra.\
https://m.media-amazon.com/images/I/6184JUNS83L._AC_SY355_.jpg,DJI Goggles 3 FPV Goggles with Stunning Micro-OLED Screens,Compatible with DJI Neo/ DJI Avata 2/ DJI Mini 4 Pro/ DJI Air 3/ DJI RC Motion 3/ DJI FPV Remote Controller 3/ DJI O3 Air Unit/ DJI RC-N2 and DJI RC 2. Please note that Goggles 3 does not work with DJI RC Motion 2 and DJI FPV Remote Controller 2.
https://m.media-amazon.com/images/I/51O8G8hElML._AC_SY355_.jpg,DJI Air 3 Propeller Guard,Item Package Quantity - 1
https://m.media-amazon.com/images/I/51TsaadIlEL._AC_SX355_.jpg,DJI 100W USB-C Power Adapter,Compatibility：DJI Air 3/ DJI Mavic 3 Pro/ DJI Mavic 3 Pro Cine/ DJI Mavic 3 Classic/ DJI Mavic 3/ DJI Mavic 3 Cine/ DJI Avata/ DJI Goggles 2 Battery/ DJI Mavic 3 Enterprise Series
https://m.media-amazon.com/images/I/61gu1KTCqSL._AC_SY355_.jpg,DJI 65W Car Charger,In The Box：DJI 65W Car Charger × 1；USB-C to USB-C Cable × 1
https://m.media-amazon.com/images/I/61mt2kMbidL._AC_SY355_.jpg,DJI 65W Portable Charger,In the Box: 65W Portable Charger × 1
https://m.media-amazon.com/images/I/51lIB5IAqRL._AC_SY355_.jpg,DJI Goggles 2 Motion Combo-Immersive,Compatibility: DJI Avata 2/ DJI Avata/ DJI Mavic 3 Classic/ DJI Mavic 3/ DJI Mavic 3 Cine/ DJI Mavic 3 Pro/ DJI Mavic 3 Pro Cine/ DJI Air 3/ DJI Mini 4 Pro/ DJI Mini 3 Pro
https://m.media-amazon.com/images/I/51sWjS5-CSL._AC_SY355_.jpg,DJI Goggles Integra Motion Combo-Immersive Motion Control,Compatibility: DJI Avata 2/ DJI Mini 4 Pro/ DJI Avata/ DJI Mavic 3 Classic/ DJI Mavic 3/ DJI Mavic 3 Cine/ DJI Mavic 3 Pro/ DJI Mavic 3 Pro Cine/ DJI Air 3/ DJI Mini 3 Pro
https://m.media-amazon.com/images/I/51dBIMhLfVL._AC_SY355_.jpg,DJI RC Pro - High-Performance Remote Controller for DJI Mavic 3 and DJI Air 2S,Compatibility - Supported Aircraft Models: DJI Mavic 3/ DJI Mavic 3 Cine/ DJI Air 2S.
https://m.media-amazon.com/images/I/61e9fBNJg4L._AC_SY355_.jpg,DJI Power SDC to DJI Air 3 Fast Charge Cable,In The Box: DJI Power 1000 DJI Power 500 DJI Air 3
https://m.media-amazon.com/images/I/61CnMR3xSwL._AC_SX425_.jpg,DJI Power 1000 Portable Power Station,Includes DJI Power 1000 & a DJI Power AC Power Cable & a DJI Power SDC to DJI Air 3 Fast Charge Cable
https://m.media-amazon.com/images/I/51lzH5BvNzL._AC_SY355_.jpg,DJI RC-N1 Remote Controller Monitor Hood,SPECIFICATIONS: This monitor hood reduces sunlight interference and screen glare. Compatible with Mavic Air 2 Remote Controller
https://m.media-amazon.com/images/I/51jPfhPI4fL._AC_SY355_.jpg,DJI RC-N1/RC-N2 Control Sticks (Pair),Compatibility: DJI RC-N1 Remote Controller/ DJI RC-N2 Remote Controller